Organization;Acronym;Type;Link;Location;Specialization
Auburn University - Quantum Systems;AUQuaS;university;https://quantum.auburn.edu/;USA;
Boston College;;university;https://www.bc.edu/content/bc-web/schools/mcas/departments/physics/research/quantum-information.html;USA;
Boston University;;university;https://library.bu.edu/quantum_computing/BU;USA;
California Institute of Technology - Institute for Quantum Information and Matter;IQIM;university;http://iqim.caltech.edu/;USA;
Carnegie Mellon University - Pittsburgh Quantum Institute;;university;http://pqi.org;USA;
Chapman University - Institute for Quantum Studies;;university;http://www.chapman.edu/research-and-institutions/quantum-studies/;USA;
Colorado School of Mines;;university;https://quantum.mines.edu/;USA;
Columbia University;;university;https://quantum.columbia.edu/;USA;
Cornell University - McMahon Lab;;university;http://mcmahon.aep.cornell.edu/;USA;
Dartmouth - Quantum and Condensed Matter Physics Group;;university;https://physics.dartmouth.edu/research/quantum-and-condensed-matter-physics;USA;
Duke University;;university;http://quantum.duke.edu/;USA;
Duquesne University - Pittsburgh Quantum Institute;;university;https://www.pqi.org/;USA;
Florida State University;;university;https://news.fsu.edu/news/science-technology/2023/04/12/fsu-announces-bold-investments-in-quantum-science-and-engineering/;USA;
Georgia Tech Research Institute - Quantum Systems Group;;university;http://quantum.gatech.edu/home.shtml;USA;
Harrisburg University of Science and Technology;;university;https://harrisburgu.edu/hu-to-launch-quantum-information-science-concentration/;USA;
Harvard University - Harvard Quantum Initiative;HQI;university;https://quantum.harvard.edu/;USA;
Howard University;;university;https://coas.howard.edu/research/research-initiatives/hbcu-quantum-howard-university;USA;
Indiana University Bloomington - Quantum Science and Engineering Center;QSEc;university;https://qsec.sitehost.iu.edu/;USA;
Lehigh University - Quantum Computing and Optimization Lab;QCOL;university;https://quantum-computing.lehigh.edu/;USA;
LoUSAa State University - Quantum Science and Technologies Group;;university;http://quantum.phys.lsu.edu/;USA;
Massachusetts Institute of Technology - Engineering Quantum Systems Group;;university;http://equs.mit.edu/;USA;
Michigan State University - Laboratory for Hybrid Quantum Systems;;university;https://www.hybridquantumlab.com/;USA;
MIT Center for Quantum Engineering;MIT-CQE;university;http://www.rle.mit.edu/cqe/;USA;
MIT Lincoln Laboratory - Quantum Information and Integrated Nanosystems;;university;http://www.ll.mit.edu/mission/electronics/qiin/qiin.html;USA;
North Carolina State University;;university;https://quantum.ncsu.edu/;USA;
New York University (NYU) - Center for Quantum Information Physics;;university;https://as.nyu.edu/departments/physics/research/center-for-quantum-information-physics.html;USA;
Northeastern University - Experiential Quantum Advancement Laboratories;EQUAL;university;https://news.northeastern.edu/2022/09/07/quantum-technology/;USA;
Northwestern University INQUIRE Initiative;;university;https://quantum.northwestern.edu/;USA;
Ohio State University - Center for Quantum Information Science and Engineering;;university;https://quantum.osu.edu/;USA;
Princeton University - Quantum Science and Engineering;;university;https://quantum.princeton.edu/;USA;
Purdue University;;university;https://engineering.purdue.edu/PQC;USA;
Rensselaer Polytechnic Institute - Curtis Priem Quantum Constellation;;university;https://science.rpi.edu/mathematical-sciences/news/rensselaer-polytechnic-institute-plans-deploy-first-ibm-quantum-system;USA;
Rice University - Quantum Initiative;;university;https://quantum.rice.edu/;USA;
South Dakota Mines - Quantum Materials Institute;;university;https://www.sdsmt.edu/news/releases/quantummaterialsinstitute.html;USA;
Southern Illinois University - Quantum Computing Group;;university;http://www.physics.siu.edu/qc/;USA;
Stanford University - Q-Farm (Stanford-SLAC Quantum Initiative);;university;https://qfarm.stanford.edu/;USA;
Stanford University - Yamamoto Group;;university;https://web.stanford.edu/group/yamamotogroup/research/research.html;USA;
Stony Brook University;;university;http://qit.physics.sunysb.edu/new/;USA;
Syracuse University - Plourde Research Lab;;university;http://plourdelab.syr.edu/;USA;
Texas A&M - Computational and Data Intensive Physics Group;;university;https://intractable.lol/;USA;
Tufts University;;university;https://now.tufts.edu/articles/quantum-leap-computing-power;USA;
Tulane University;;university;http://www2.tulane.edu/sse/pep/research/theoretical-research/;USA;
University of Arizona - Quantum Information and Materials Group;;university;https://quantum.lab.arizona.edu/;USA;
University of California, Berkeley - Berkeley Quantum Information & Computation Center;;university;http://bqic.berkeley.edu/;USA;
University of California, Davis - Center for Quantum Mathematics and Physics;QMAP;university;http://qmap.ucdavis.edu/;USA;
University of California, Irvine - Eddleman Quantum Institute;;university;https://eqi.uci.edu/;USA;
University of California, Los Angeles (UCLA) - Center for Quantum Science & Engineering (CQSE);;university;http://www.cqse.ucla.edu/;USA;
University of California, Riverside - Hemmerling Lab;;university;https://molecules.ucr.edu/;USA;
University of California at Santa Barbara - Center for Spintronics and Quantum Computation;;university;http://www.csqc.ucsb.edu/;USA;
University of Chicago - Chicago Quantum Exchange;;university;http://quantum.uchicago.edu/;USA;
University of Colorado Boulder;JILA;university;https://jila.colorado.edu/research/quantum-information;USA;
University of Illinois at Urbana-Champaign;;university;https://iquist.illinois.edu/;USA;
University of Maryland, Baltimore County - Center for Accelerated Real Time Analytics;CARTA;university;https://carta.umbc.edu/;USA;
University of Maryland, College Park - Joint Center for Quantum Information and Computer Science;QuICS;university;http://quics.umd.edu/;USA;
University of Maryland, College Park - Joint Quantum Institute;JQI;university;http://jqi.umd.edu/;USA;
University of Maryland, College Park - Quantum Technology Center;QTC;university;https://eng.umd.edu/news/story/university-of-maryland-launches-quantum-technology-center;USA;
University of Maryland - Institute for Robust Quantum Simulation;RQS;university;https://rqs.umd.edu/;USA;
University of Massachusetts Lowell - Quantum Engineering Science and Technology Group;QUEST;university;https://sites.google.com/site/kamalarchana/;USA;
University of Michigan - Quantum Research Institute;;university;https://research.umich.edu/quantum/;USA;
University of New Mexico - Center for Quantum Information and Control;CQuIC;university;http://physics.unm.edu/CQuIC/;USA;
University of Oklahoma - Center for Quantum Research and Technology;;university;https://ou.edu/cqrt;USA;
University of Oregon - Oregon Center for Optical, Molecular and Quantum Science;;university;http://omq.uoregon.edu/;USA;
University of Pennsylvania - Penn Quantum Hardware Lab;;university;https://www.pennqubit.com/home;USA;
University of Pittsburgh - Pittsburgh Quantum Institute;;university;http://pqi.org;USA;
University of Rochester - Quantum Nanostructures Group;;university;https://labsites.rochester.edu/nicholgroup/;USA;
University of Southern California - Information Sciences Institute;;university;http://www.isi.edu/research_groups/quantum_computing/home;USA;
University of Tennessee Chattanooga - Quantum Initiative;;university;https://www.utc.edu/research/utc-quantum-initiative;USA;
University of Tennessee Knoxville - Quantum Technologies Group;;university;http://aesop.phys.utk.edu/QI/;USA;
University of Texas at Austin - Quantum Information Center;;university;http://www.cs.utexas.edu/~qic/;USA;
University of Texas at Austin - Texas Quantum Institute;;university;https://quantum.utexas.edu/;USA;
University of Virginia - Quantum Fields and Quantum Information;QFQI;university;https://sites.google.com/view/qfqi;USA;
University of Washington - QuantumX Initiative;;university;https://www.quantumx.washington.edu/;USA;
University of Washington - Trapped Ion Quantum Computing Group;;university;http://depts.washington.edu/qcomp/index.html;USA;
University of Wisconsin at Madison - Wisconsin Institute for Quantum Information;;university;http://wiqi.physics.wisc.edu/;USA;
Virginia Tech - Center for Quantum Information Science and Engineering;;university;https://vtq.vt.edu/;USA;
Washington University - Center for Quantum Leaps;;university;https://quantumleaps.wustl.edu/;USA;
Wichita State University;;university;https://www.wichita.edu/academics/fairmount_college_of_liberal_arts_and_sciences/physics/Research/quantum.php;USA;
Yale Quantum Institute;;university;http://quantuminstitute.yale.edu/;USA;
Simon Fraser University - Silicon Quantum Technology Lab;;university;http://www.sfu.ca/physics/siliconquantum/;Canada;
Universita de Sherbrooke - EPIQ;;university;https://epiq.physique.usherbrooke.ca/;Canada;
Universita de Sherbrooke - Institut quantique;;university;https://www.usherbrooke.ca/iq/en/;Canada;
University of British Columbia - Advanced Materials and Process Engineering Laboratory;AMPEL;university;http://www.ampel.ubc.ca/research/qc/;Canada;
University of British Columbia - Quantum Information Science;;university;http://www.qi.ubc.ca/;Canada;
University of British Columbia - Quantum Matter institute;;university;https://qmi.ubc.ca/;Canada;
University of Calgary - Institute for Quantum Science and Technology;;university;http://www.iqst.ca/;Canada;
University of Toronto - Centre for Quantum Information and Quantum Control;;university;http://cqiqc.physics.utoronto.ca/index.html;Canada;
University of Waterloo - Institute for Quantum Computing;;university;https://uwaterloo.ca/institute-for-quantum-computing/;Canada;
Centre for Quantum Photonics - University of Bristol;CQP;university;http://www.bristol.ac.uk/physics/research/quantum/;UK;
Durham University - Joint Quantum Centre;;university;https://www.jqc.org.uk/;UK;
Lancaster University - Quantum Technology Centre;;university;https://www.lancaster.ac.uk/quantum-technology/;UK;
Newcastle University - Joint Quantum Centre;;university;https://www.jqc.org.uk/;UK;
Oxford University;;university;http://oxfordquantum.org/;UK;
Sheffield University Quantum Centre;;university;https://quantum.shef.ac.uk/;UK;
University College London - Quantum Science and Technology Institute;UCLQ;university;https://www.ucl.ac.uk/quantum/;UK;
University of Bristol - Bristol Quantum Information Institute;;university;http://www.bristol.ac.uk/research/institutes/quantum/;UK;
University of Bristol - Quantum Technology Enterprise Centre;QTEC;university;http://www.bristol.ac.uk/qtec/;UK;
University of Edinburgh - Scottish Centre for Innovation in Quantum Computing and Simulation;;university;https://sciqcs.org/;UK;
University of Glasgow - Scottish Centre for Innovation in Quantum Computing and Simulation;;university;https://sciqcs.org/;UK;
University of Glasgow - Centre for Quantum Technology;;university;https://www.gla.ac.uk/research/az/quantumtechnology/;UK;
University of Strathclyde - Scottish Centre for Innovation in Quantum Computing and Simulation;;university;https://sciqcs.org/;UK;
University of Sussex - Ion Quantum Technology Group;;university;http://www.sussex.ac.uk/physics/iqt/index.html;UK;
ecole Polytechnique - The Theoretical Physics Center;CPHT;university;https://www.polytechnique.edu/fr/le-centre-de-physique-theorique-cpht;France;
Loria - Classical and QUAntum MOdels of Computation;MOCQUA;university;https://www.loria.fr/en/research/teams/mocqua/;France;
Sorbonne Universite - Quantum Information Center;;university;https://qics.sorbonne-universite.fr/;France;
Telecom Paris - Quantum Information and Applications;IQA;university;https://www.telecom-paris.fr/en/research/laboratories/information-processing-and-communication-laboratory-ltci/research-teams/quantum-information-applications;France;
Universite de Paris;;university;https://odf.u-paris.fr/fr/offre-de-formation/master-lmd-XB/sciences-technologies-sante-STS/physique-fondamentale-et-applications-K2VO0C50/master-physique-fondamentale-et-applications-m2-parcours-dispositifs-quantiques-JS4E7V4Y.html;France;
Universite de Strasbourg - Quantum Science and Nanomaterials;QMat;university;http://qmat.unistra.fr/;France;
Universite Grenoble Alpes - Quantum Engineering;;university;https://quantum.univ-grenoble-alpes.fr/quantum-engineering/;France;
Universite Paris-Saclay;;university;https://www.universite-paris-saclay.fr/en/recherche/axes-et-grands-projets/quantum-quantum-sciences-and-technologies-center;France;
University of Montpellier;;university;http://quantumontpellier.fr/;France;
Griffith University - Centre for Quantum Dynamics;;university;https://www.griffith.edu.au/centre-quantum-dynamics;Australia;
Macquarie University - Macquarie Centre for Quantum Engineering;MQCQE;university;https://www.mq.edu.au/research/research-centres-groUSAd-facilities/innovative-technologies/centres/mqcqe;Australia;
Monash University - Quantum Information Science Group;MonQIS;university;http://monqis.physics.monash.edu/;Australia;
University of New South Wales (Member of CQC2T);;university;http://www.cqc2t.org/;Australia;
University of Queensland;;university;http://quantum.technology/;Australia;
University of Sydney - Quantum Science Research Group;;university;http://sydney.edu.au/science/physics/research/quantum/;Australia;
University of Technology, Sydney - Centre for Quantum Software and Information;;university;https://www.uts.edu.au/our-research-archived/centre-quantum-software-and-information;Australia;
University of Western Australia - Quantum Information, Simulation and Algorithms Research Hub;QUISA;university;https://quisa.tech/;Australia;
Keio University - Advancing Quantum Architecture Group;AQuA;university;http://aqua.sfc.wide.ad.jp/;Japan;
Keio University Quantum Computing Center;;university;https://quantum.keio.ac.jp/;Japan;
Osaka University - Quantum Computing Research Group;;university;http://quantphys.org/wp/qinfp/;Japan;
Tohoku University - Quantum Annealing Research & Development;T-QARD;university;https://qard.is.tohoku.ac.jp/;Japan;
Tokyo Institute of Technology (Tokyo Tech);;university;http://www.stat.phys.titech.ac.jp/nishimori/;Japan;
University of Tokyo;;university;http://www.ap.t.u-tokyo.ac.jp/en/research.html;Japan;
Yokohama National University - Kosaka Laboratory;;university;http://kosaka-lab.ynu.ac.jp/;Japan;
Freie Universitat Berlin;;university;https://www.physik.fu-berlin.de/en/einrichtungen/ag/ag-eisert/index.html;Germany;
LMU Munich - Quantum Applications and Research Laboratory;QAR-Lab;university;http://www.mobile.ifi.lmu.de/en/qar-lab/;Germany;
RWTH Aachen University - Institute for Quantum Information;;university;http://www.quantuminfo.physik.rwth-aachen.de/cms/~dqvn/Quantuminfo/?lidx=1;Germany;
Paderborn University, Institute for Photonic Quantum Systems;PhoQS;university;https://www.uni-paderborn.de/en/phoqs/;Germany;
Saarland University - Quantum and Solid State Theory Group;;university;http://qsolid.uni-saarland.de/;Germany;
University of Konstanz;;university;https://theorie.physik.uni-konstanz.de/burkard/;Germany;
University of Stuttgart - Institute for Functional Matter and Quantum Technologies;;university;https://www.fmq.uni-stuttgart.de/barz-group/;Germany;
Amsterdam University of Applied Sciences/Centrum Wiskunde & Informatica - Applied Quantum Computing;;university;https://www.amsterdamuas.com/content/news/news/2020/05/new-research-group-applied-quantum-computing.html;Netherlands;
Delft University of Technology and TNO - QuTech;;university;http://qutech.nl/;Netherlands;
Eindhoven University of Technology - Center for Quantum Materials and Technology;TU/e;university;https://www.tue.nl/en/research/research-groups/center-for-quantum-materials-and-technology-eindhoven/#top;Netherlands;
Leiden University - Applied Quantum Algorithms;AQA;university;https://www.aqa.universiteitleiden.nl/;Netherlands;
University of Amsterdam - Quantum Matter & Quantum Information;;university;http://www.uva.nl/en/shared-content/zwaartepunten/en/quantum-matter--quantum-information/quantum-matter--quantum-information.html;Netherlands;
University of Twente - Interfaces and Correlated Electrons / Quantum Transport in Matter;ICE-QTM;university;https://www.utwente.nl/en/tnw/ice/;Netherlands;
Ben-Gurion University of the Negev - Center for Quantum Science & Technology;BGU-QST;university;https://in.bgu.ac.il/en/QI/Pages/default.aspx;Israel;
Hebrew University of Jerusalem - Quantum Information Science Center;;university;http://qcent.huji.ac.il/;Israel;
Technion - Center for Quantum Science, Matter and Engineering;;university;https://www.technion.ac.il/en/2018/04/50-million-gift-names-the-helen-diller-center-for-quantum-science-matter-and-engineering/;Israel;
Weizmann Institute;;university;https://www.weizmann.ac.il/complex/ozeri/research-activities;Israel;
Beijing Academy of Quantum Information Sciences;BAQIS;university;https://en.baqis.ac.cn/;China;
Tsinghua University - Tsinghua Center for Quantum Information;;university;https://cqi.tsinghua.edu.cn/en/list-435-1.html;China;
University of Science and Technology of China - Division of Quantum Physics and Quantum Information;USTC;university;https://quantum.ustc.edu.cn/web/en;China;
Zhejiang University;;university;https://www.zju.edu.cn/english/main.htm;China;
Quantum Optics Lab - Xiamen University;;university;https://qolab.xmu.edu.cn/;China;
University of Barcelona/Barcelona Supercomputing Center - QUANTIC;;university;http://quantic.bsc.es/;Spain;
University of Castilla La Mancha - Alarcos Research Group;UCLM;university;https://alarcos.esi.uclm.es/lineasinvestigacionENG.php;Spain;
Universidad Complutense de Madrid - Quantum Computation and Information Group;;university;http://gicc.fis.ucm.es/;Spain;
University of the Basque Country - Quantum Technologies for Information Science;QUTIS;university;https://www.qutisgroup.com/;Spain;
Harish-Chandra Research Institute - Quantum Information and Computation Group;HRI;university;http://www.hri.res.in/~qic/;India;
Indian Institute of Science - Initiative on Quantum Technology;IQT@IISc;university;https://www.iisc.ac.in/initiative-on-quantum-technologies/;India;
Indian Institute of Science Education and Research Bhopal;;university;https://eecs.iiserb.ac.in/research_details.php?id=9;India;
Tata Institute of Fundamental Research - Quantum Measurement and Control Laboratory;TIFR;university;https://www.tifr.res.in/~quantro/;India;
Austrian Academy of Sciences - Institute for Quantum Optics and Quantum Information;IQOQI;university;https://iqoqi.at/en;Austria;
University of Innsbruck - Quantum Information & Computation;;university;https://www.uibk.ac.at/th-physik/qic-group/;Austria;
Vienna Center for Quantum Science and Technology;VCQ;university;https://vcq.quantum.at/;Austria;
EPFL - Center for Quantum Science and Engineering;;university;https://www.epfl.ch/research/domains/quantum-center/;Switzerland;
ETH Zurich - Quantum Center;;university;https://qc.ethz.ch/;Switzerland;
University of Basel;;university;https://www.physik.unibas.ch/news.html;Switzerland;
Amirkabir University of Iran - Quantum Design Automation Lab;QDA;university;http://ceit.aut.ac.ir/QDA/;Iran;
Sharif University - Quantum Information Science;;university;http://physics.sharif.edu/~qc/;Iran;
Chalmers University of Technology - Wallenberg Centre for Quantum Technology;;university;https://www.chalmers.se/en/centres/wacqt/Pages/default.aspx;Sweden;
Stockholm University - Condensed Matter and Quantum Optics Division;KOMKO;university;https://www.fysik.su.se/english/komko-division/research-groups;Sweden;
University of Naples Federico II - UniNA Superconducting Quantum Computing Center;;university;https://agenda.supercomputing-icsc.it/event/5/;Italy;
University of Padova;;university;https://www.dei.unipd.it/en/applied-optics/quantum-information;Italy;
University of Rome "La Sapienza" - Quantum Information Lab;;university;http://www.quantumlab.it/;Italy;
"M. V. Lomonosov" Moscow State University;MSU;university;https://msu.ru/en/;Russia;
Skoltech - Laboratory for Quantum Information Processing;;university;http://deepquantum.ai/;Russia;
University of KwaZulu-Natal - Center for Quantum Technology;;university;https://quantum.ukzn.ac.za/;South Africa;
University of the Witwatersrand, Johannesburg - WitsQ;;university;https://www.wits.ac.za/witsq/;South Africa;
Technical University of Denmark DTU - Center for Quantum Technologies;QuantumDTU;university;https://quantum.dtu.dk/;Denmark;
University of Copenhagen - Niels Bohr Institute;;university;http://www.nbi.ku.dk/english/;Denmark;
Instituto Politecnico Nacional - CITEDI;;university;https://www.citedi.mx/portal/investigacion.php#tecnologia;Mexico;
Aalto University - Quantum Computing and Devices;QCD;university;http://physics.aalto.fi/en/groups/qcd/;Finland;
Sungkyunkwan University - Quantum Information Research Support Center;SKKU-Q-Center;university;https://enzine.skku.edu/news/skku-quantum-information-research-support-center-opens-on-august-28-fri/;South Korea;
Alexandria University;AleQCG;university;http://www.sci.p.alexu.edu.eg/~aleqcg/index.html;Egypt;
Centre for Quantum Technologies (CQT) - National University of Singapore;;university;http://www.quantumlah.org/index.php;Singapore;
Khalifa University of Science and Technology - Quantum Computing Research Group;;university;http://www.kustar.ac.ae/pages/quantum-computing-research-group;UAE;
Hamid Bin Khalifa University - Qatar Center for Quantum Computing;QC2;university;https://www.hbku.edu.qa/en/qc2;Qatar;
University of Gdansk - International Centre for Theory of Quantum Technologies;ICTQT;university;https://ictqt.ug.edu.pl/;Poland;
University of Lisbon/Instituto de Telecomunicacoes - Physics of Information and Quantum Technologies Group;;university;http://www.phys-info.org/;Portugal;
University of Malta - Quantum Complexity Science Initiative;;university;http://quamplexity.org/;Malta;
National University of La Plata - Quantum Information Research Group;QILP;university;http://qilp.org/;Argentina;
Chiang Mai University - Research Center for Quantum Technology;;university;https://rac.oop.cmu.ac.th/RACNews/ShowRACNews.aspx?id1=25630027;Thailand;
A*Star Institute of Materials Research and Engineering;;government;https://www.a-star.edu.sg/qinc/home;Singapore;
ARC Centre of Excellence for Engineered Quantum Systems;EQUS;government;https://equs.org/;Australia;
Argonne National Laboratory;;government;https://www.anl.gov/quantum;USA;
Beijing Academy of Quantum Information Sciences;BAQIS;government;https://www.baqis.ac.cn/;China;
Brookhaven National Laboratory;;government;https://www.bnl.gov/;USA;
CEA-Leti;;government;https://www.leti-cea.com/;France;
China Telecom Quantum Information Technology Group Co. Ltd;CTQG;government;https://www.chinatelecom-h.com/en/global/home.php;China;
Fermilab Quantum Institute;;government;https://quantum.fnal.gov/;USA;
Intelligence Advanced Research Projects Activity;IARPA;government;https://www.iarpa.gov/index.php/research-programs/qeo;USA;
International Iberian Nanotech Lab; INL;government;https://inl.int/inl-joins-the-euroqcs-spain/;Spain;
The Institute of Photonic Sciences;ICFO;government;https://www.icfo.eu/research/programs/icfo-quantum-communications-research/;Spain;
Los Alamos National Laboratory;;government;https://quantum.lanl.gov/q_computing.shtml;USA;
NASA Ames - Quantum Artificial Intelligence Laboratory;QuAIL;government;https://www.nasa.gov/intelligent-systems-division/discovery-and-systems-health/nasa-quail/;USA;
National Security Agency;NSA;government;https://www.nsa.gov/;USA;
NCCR'QSIT - Quantum Science and Technology;;government;https://nccr-qsit.ethz.ch/;Switzerland;
Networked Quantum Information Technologies;NQIT;government;https://nqit.ox.ac.uk/;UK;
RosAtom;;government;https://www.qs-labs.com/;Russia;
Sandia National Laboratories;;government;https://www.sandia.gov/quantum/;USA;
Technology Innovation Institute Quantum Research Centre;TTI-QRC;government;https://www.tii.ae/quantum;UAE;
VTT;;government;https://www.vttresearch.com/en/ourservices/quantum-computer-technology;Finland;
Berkeley Quantum;;non-profit;https://www.lbl.gov/research/quantum/;USA;
Centre for Quantum Computation & Communication Technology;CQC2T;non-profit;https://www.cqc2t.org/;Australia;
Centre for Quantum Engineering, Research and Education;CQuERE;non-profit;https://www.tcgcrest.org/institutes/cquere/;India;
Centre for Quantum Technologies;;non-profit;https://www.cqt.sg/;Singapore;
CERN - Quantum Technology Initiative;CERN;non-profit;https://home.cern/news/press-release/knowledge-sharing/cern-quantum-technology-initiative-unveils-strategic-roadmap;Switzerland;
Chinese Academy of Sciences - Key Laboratory of Quantum Information;;non-profit;http://lqcc.ustc.edu.cn/;China;
Fraunhofer UK - Quantum Technologies;;company;https://www.cap.fraunhofer.co.uk/en/QuantumTechnologies.html;UK;
Gemini Center on Quantum Computing;;non-profit;https://www.quantumcomputing.no/;Norway;
KIST Center for Quantum Information;;non-profit;https://www.kist.re.kr/eng/research/quantum-introduction.do;South Korea;
Matter and Light for Quantum Computing;ML4Q;non-profit;https://ml4q.de/;Germany;
Munich Center for Quantum Science and Technology;MCQST;non-profit;https://www.mcqst.de/;Germany;
National Institute of Science and Technology;NIST;non-profit;https://www.nist.gov/quantum-information-science;USA;
NY CREATES;;non-profit;https://ny-creates.org/ny-creates-pioneers-breakthrough-in-quantum-technology-with-new-300mm-wafer-scale-fabrication-publication/;USA;
Oak Ridge National Laboratory;;non-profit;https://www.ornl.gov/quantum;USA;
Open Quantum Design;;non-profit;https://openquantumdesign.org/;USA;
Paul Scherrer Institut;;non-profit;https://www.psi.ch/en;Switzerland;
Paris Centre for Quantum Technology;PCQT;non-profit;https://pcqt.fr/;France;
Perimeter Institute;;non-profit;https://perimeterinstitute.ca/research/research-areas/quantum-information;Canada;
Pittsburgh Quantum Institute;PQI;non-profit;https://www.pqi.org/;USA;
Quantum Technology Foundation Thailand;QTFT;non-profit;https://www.qtft.org/;Thailand;
Quantum Algorithms Institute;;non-profit;https://www.qai.ca/;Canada;
Quantum BC;;non-profit;https://quantum-bc.ca/;Canada;
Quantum Delta NL;;non-profit;https://quantumdelta.nl/;Netherlands;
Quantum Silicon Grenoble;;non-profit;https://quantumsilicon-grenoble.eu/;France;
Quantum Technology Center of Iran;ICQST;non-profit;https://en.icqts.ir/;Iran;
Qubit by Qubit;;non-profit;https://www.qubitbyqubit.org/;Canada;
QuSoft;;non-profit;https://qusoft.org/;Netherlands;
QuTech;;non-profit;https://qutech.nl/;Netherlands;
QWorld Association;;non-profit;https://qworld.net/;Estonia;
Raman Research Institute - Light and Matter Physics;LaMP;non-profit;https://www.rri.res.in/research/light-and-matter-physics;India;
RIKEN Center for Quantum Computing;RQC;non-profit;https://rqc.riken.jp/;Japan;
Russian Quantum Center;RQC;non-profit;https://www.rqc.ru/;Russia;
Spanish National Research Council;CSIC;non-profit;https://www.csic.es/;Spain;
Swiss Quantum Hub;;non-profit;https://swissquantumhub.com/;Switzerland;
Unitary Foundation;;non-profit;https://unitary.foundation/;USA;
Universities Space Research Association;;non-profit;https://riacs.usra.edu/quantum/;USA;
Chinese Academy of Science;CAS;non-profit;https://english.cas.cn/;China;
1QBit;;private;https://1qbit.com;Canada;software
A*Quantum;;private;https://a-star-quantum.jp/index_en.html;Japan;software
AbaQus;;private;https://www.abaqus.dev/;Canada;software
Adaptive Finance Technologies;;private;https://adaptive.finance/;Canada;software
AegiQ;;private;https://www.aegiq.com/;UK;hardware
Agnostiq;;private;https://agnostiq.ai/;Canada;software
Alea Quantum Technologies;;private;https://www.alea-quantum.com/;Denmark;communications
Algorithmiq;;private;https://algorithmiq.fi/;Finland;software
Alice&Bob;;private;https://alice-bob.com/;France;hardware
Aliro Security;;private;https://www.aliroquantum.com/;USA;software
Alternatio;;private;https://alternatio.pl/;Poland;communications
Alpine Quantum Technologies;;private;https://www.aqt.eu/;Austria;hardware
American Binary;;private;https://www.ambit.inc/;USA;communications
Analog Quantum Circuits;;private;https://www.aqcircuits.com/home;Australia;hardware
Anametric;;private;https://anametric.com/;USA;communications
Anaqor;;private;https://anaqor.de/;Germany;Services
Anyon Systems Inc.;;private;https://www.anyonsys.com/;Canada;software
Anyon Technologies;;private;https://www.anyoncomputing.com/;USA, Singapore;hardware
Anzaetek;;private;https://www.anzaetek.com/;South Korea;software
ApexQubit;;private;https://www.apexqubit.com/;USA;software
Applied Quantum Computing;;private;https://appliedquantumcomputing.co.uk/;UK;consulting
Applied Quantum software;;private;https://appliedquantumsoftware.com/;USA;software
Apply Science Quantum Division;;private;http://www.applyscience.it/quantum-division/;Italy;software
aQuantum;;private;https://www.aquantum.es/;Spain;software
Aqacia;;private;https://aqacia.com/;Australia;software
Aqarios;;private;https://www.aqarios.com/;Germany;software
AQSolotl;;private;https://www.aqsolotl.com/;Singapore;hardware
Aquark Technologies;;private;https://www.aquarktechnologies.com/;UK;hardware
ARQUE Systems;;private;https://www.arque.systems/;Germany;hardware
Artificial Brain;;private;https://www.artificialbrain.us/;USA;software
Artiste-qb.net;;private;http://www.artiste-qb.net/;Canada;software
Aspen Quantum consulting;;private;https://www.aspenquantum.com/;USA;consulting
Atlantic Quantum;;private;https://www.atlantic-qc.com/;USA;hardware
Atom Computing;;private;http://www.atom-computing.com/;USA;hardware
Atom Quantum Labs;;private;https://atomql.com/;Slovenia;hardware
Aurora Quantum Technologies;;private;http://auroraq.com/;Canada;hardware
Automatski;;private;http://automatski.com/;India;software
Avanetix;;private;https://www.avanetix.io/;Germany;software
Avid Quantum;;private;https://www.avidquantum.com/defaultsite/;USA;consulting
BardeenQ Labs;;private;https://www.waves.bardeenq.com/;USA;hardware
Beit;;private;http://beit.tech/;Poland;software
Bita Quantum AI;;private;https://bitaquantumai.com/;Canada;communications
Blackhills Quantum;;private;https://www.blackhillsquantum.com/;Belgium, USA;consulting
Bloch;;private;https://www.bloch.sa/;Saudi Arabia;communications
BlocQ;;private;https://www.blocqinc.com/;Japan;communications
Bloq Quantum;;private;https://www.bloq.in/;India;software
blueqat;;private;https://blueqat.com/;Japan;software
BlueQubit;;private;https://www.bluequbit.io/;USA;software
Bohr Quantum Technology;;private;https://bohrquantum.com/;USA;communications
Bose Quantum (「玻色量子」);;private;https://www.qboson.com/;China;hardware
BosoniQ;;private;https://www.bosoniq.net/;Japan;software
BosonQ Psi (BQP);;private;https://www.bosonqpsi.com/;India;software
Boxcat;;private;http://boxc.at/;Canada;software
BraneCell;;private;https://branecell.com/;USA;hardware
C12 Quantum Electronics;;private;http://c12qe.com/;France;hardware
Cambridge Space Technologies;;private;https://www.cambridgespacetechnologies.com/;UK;communications
Carrousel Digital;;private;https://carrouseldigital.com/;UK;communications
Cavero Quantum;;private;https://caveroquantum.com/;UK;communications
Ceruleant Systems;;private;https://www.ceruleant.io/;USA;Communication
Chicago Quantum;;private;https://www.chicagoquantum.com/;USA;consulting
Classiq;;private;https://www.classiq.io/;Israel;software
Cloudz AI;;private;https://cloudz.wiki/;USA;software
CogniFrame;;private;https://www.cogniframe.com/;Canada;software
ColdQuanta;;private;https://www.coldquanta.com/;USA;hardware
ColibrITD;;private;https://colibritd.com/;France;consulting
Conductor Quantum;;private;https://www.conductorquantum.com/;USA;software
Crypta Labs;;private;https://www.cryptalabs.com/;UK;communications
Crypto Quantique;;private;https://www.cryptoquantique.com/;UK;communications
CryptoNext Security;;private;http://cryptonext-security.com/;France;communications
CUbiQ Technologies Technologies;;private;https://cubiq-technologies.com/;Netherlands;communications
D Slit Technologies;;private;http://d-slit.tech/;Japan;software
Dark Star Quantum Computing Laboratories;;private;https://www.darkstarquantumlab.com/;USA;software
Data Analytica;;private;https://mlanalytica.com/;USA;software
Delft Circuits;;private;http://www.delft-circuits.com/;Netherlands;hardware
Delta g;;private;https://www.birminghamresearchpark.co.uk/tenants/delta-g-ltd/;UK;Sensors
Deteqt;;private;https://www.deteqt.com.au/;Australia;Sensors
DiaSense;;private;http://diasense.dk/;Denmark;Sensors
Dirac;;private;https://diracqc.com/;USA;software
Diraq;;private;https://diraq.com/;Australia;hardware
Dobslit;;private;https://dobslit.com/;Brazil;multiple
Driven Quantum Technologies;;private;http://drivenquantumtechnologies.com/;USA;multiple
Duality Quantum Photonics;;private;https://www.dualityqp.com/;UK;hardware
EeroQ;;private;http://eeroq.com/;USA;hardware
eleQtron;;private;https://www.eleqtron.com/;Germany;hardware
Elyah;;private;https://www.elyah.io/;Japan;software
enQase;;private;https://www.enqase.com/;USA;communications
Entangled Networks;;private;https://ionq.com/;Canada;communications
Entanglement Inc.;;private;https://www.entanglement.ai/;USA;other
Entanglement Partners;;private;http://www.entanglementpartners.com/;Spain;consulting
Entropica Labs;;private;https://www.entropicalabs.com/;Singapore;software
Entropiq;;private;https://entropiq.com/;USA;Communication
equal1.labs;;private;https://equal1.com;Ireland, USA;hardware
Ephos;;private;https://ephos.io/;Italy, USA;hardware
evolutionQ;;private;http://www.evolutionq.com/index.html;Canada;communications
EYL;;private;https://www.eylpartners.com/;South Korea;communications
Fermioniq;;private;https://www.fermioniq.com/;Netherlands;software
finQbit;;private;https://finqbit.tech/;Poland;software
First Quantum;;private;https://thefirstquantum.com/;South Korea;software
Fixstars Amplify Corporation;;private;https://amplify.fixstars.com/en/;Japan;software
Florence Quantum Labs;;private;https://florencequantumlabs.com/;USA;multiple
ForeQast;;private;https://foreqast.ai/;Canada;software
g2-Zero;;private;https://g2-zero.com/;Spain;components
Good Chemistry;;private;https://goodchemistry.com/;Canada;software
Groove Quantum;;private;https://groovequantum.com/;Netherlands;hardware
Groovenauts;;private;https://www.groovenauts.jp/;Japan;software
H-Bar Consultants;;private;http://www.h-bar.com.au/;Australia;consulting
Haiqu;;private;https://www.haiqu.ai/;International;software
Hefei Wanzheng Quantum Technology;;private;https://www.zhaopin.com/companydetail/CZL1435570400.htm;China;hardware
HEQA Security;;private;https://quantlr.com/heqa-sec/;Israel;communications
High Precision Devices;HPD;private;http://www.hpd-online.com/;USA;hardware
Horizon Quantum Computing;;private;http://horizonquantum.com/;Singapore;software
HQS Quantum Simulations;;private;https://quantumsimulations.de/;Germany;software
Huawei;;private;https://www.huawei.com/;China;other
Icarus Quantum;;private;https://icarusquantum.com/;USA;communications
Iceberg Quantum;;private;https://www.iceberg-quantum.com/;Australia;software
Icosa Computing;;private;https://icosacomputing.com/;USA;software
ID Quantique;;private;http://www.idquantique.com/;Switzerland;communications
Inception Q;;private;https://www.linkedin.com/company/inception-q/;USA;software
InfiniQuant;;private;http://infiniquant.com/;Germany;communications
Ingenii;;private;https://www.ingenii.io/;USA;software
Inspiration-Q;;private;https://www.inspiration-q.com/;Spain;software
infinityQ;;private;https://www.infinityq.tech/;Canada;hardware
Infleqtion;;private;https://www.infleqtion.com/;USA;multiple
IQM;;private;http://meetiqm.com/;Finland;hardware
iQrypto;;private;https://iqrypto.com/;Belgium;communications
ISARA;;private;https://www.isara.com/;Canada;communications
Janis Research;;private;https://www.janis.com/Applications/QuantumComputing.aspx;USA;hardware
Jij;;private;https://j-ij.com/;Japan;software
JoS QUANTUM;;private;https://jos-quantum.de/;Germany;software
KETS Quantum Security;;private;http://kets-quantum.com/;UK;communications
Ki3 Photonics;;private;https://www.ki3photonics.com/;Canada;communications
Kipu Quantum;;private;https://kipu-quantum.com/;Germany;multiple
kiutra;;private;https://kiutra.com/;Germany;hardware
Korea Quantum Computing;;private;https://kqchub.com/;South Korea;Services
Kunfeng Quantum Technology;;private;https://kfquantum.com/;China;consulting
kvantify;;private;https://www.kvantify.dk/;Denmark;consulting
levelQuantum;;private;https://www.levelquantum.eu/en/frontpage-english/;Italy;communications
Lightsynq;;private;https://www.lightsynq.com/;USA;communications
Low Noise Factory;;private;https://www.lownoisefactory.com/;Sweden;hardware
LQUOM;;private;https://lquom.com/en/;Japan;communications
LuxQuanta;;private;https://www.luxquanta.com/;Spain;communications
M Squared Lasers Ltd;;private;https://m2lasers.com/;UK;hardware
M-Labs;;private;http://m-labs.hk/;Hong Kong;multiple
Magiq;;private;http://www.magiqtech.com/;USA;communications
MagiQware;;private;https://magiqware.com/;Netherlands;software
Maybell Quantum Industries;;private;https://www.maybellquantum.com/;USA;hardware
memQ;;private;https://www.memq.tech/home;USA;Communication
Menten;;private;https://menten.ai/;Canada;software
Mesa Quantum;;private;https://www.linkedin.com/company/mesa-quantum/;USA;Sensors
Miraex;;private;https://www.miraex.com/;Switzerland;multiple
Molecular Quantum Solutions;;private;http://mqs.dk/;Denmark;software
Moth Quantum;;private;https://mothquantum.com/;UK;software
Multiverse Computing;;private;http://multiversecomputing.com/;Spain;software
Murray Associates of Utica;;private;https://murrayau.com/;USA;consulting
Nanofiber Quantum Technologies;;private;https://www.nano-qt.com/en;Japan;hardware
neQxt;;private;https://www.neqxt.org/;Germany;hardware
NetraMark;;private;https://netramark.com/;Canada;software
networkQ;;private;https://www.youtube.com/watch?v=U8MWCjyFq0s;India;communications
Next Generation Quantum;;private;https://www.ngq.io/;USA;communications
NextGenQ;;private;https://www.nextgenq.com/;France;hardware
nodeQ;;private;https://www.nodequantum.com/;UK;communications
Nord Quantique;;private;https://www.nordquantique.ca/;Canada;hardware
Nordic Quantum Computing Group;NQCG;private;http://nqcg.com/;Norway;software
Nu Quantum;;private;http://nu-quantum.com/;UK;communications
ODE L3C;;private;https://odestar.com/;USA;software
Opacity;;private;https://www.opacityquantum.com/;Australia;software
OpenQuantum;;private;https://openquantum.co.uk/;UK;multiple
Orange Quantum Systems;;private;https://orangeqs.com/;Netherlands;hardware
Orbital Quantum;;private;https://www.orbitalquantum.com/index.html;Canada;Sensors
ORCA Computing;;private;https://www.orcacomputing.com/;UK;hardware
Orientom;;private;https://www.orientom.com/;South Korea;software
Origin Quantum Computing;;private;http://www.originqc.com.cn/index.html;China;hardware
Oxford Ionics;;private;https://www.oxionics.com/;UK;hardware
Oxford Quantum Circuits;;private;http://oxfordquantumcircuits.com/;UK;hardware
ParityQC;;private;https://parityqc.com/;Austria;other
Pasqal;;private;http://pasqal.io/;France;hardware
Patero;;private;https://www.patero.de/index.php;Germany, USA;communications
Phantom Photonics;;private;https://phantomphotonics.ca/;Canada;Sensors
Phase Space Computing;;private;https://phasespacecomputing.com/;Sweden;other
Phasecraft;;private;https://phasecraft.io/;UK;software
Photon Queue;;private;https://photonqueue.com/;USA;communications
Photonic Inc.;;private;https://photonic.com/;Canada;hardware
PiDust;;private;https://www.pidust.com/;Greece;software
pine.ly;;private;https://www.pinely.co/;Canada;software
Planckian;;private;https://www.planckian.co/;Italy;hardware
planqc;;private;https://www.planqc.eu/;Germany;hardware
Polaris Quantum Biotech;;private;https://www.polarisqb.com/;USA;software
Post-Quantum (PQ Solutions);;private;https://www.post-quantum.com/;UK;communications
pQCee;;private;https://www.pqcee.com/;Singapore;communications
PQSecure;;private;https://www.pqsecurity.com/;USA;communications
PQShield;;private;https://pqshield.com/;UK;communications
ProteinQure;;private;https://www.proteinqure.com/;Canada;software
PsiQuantum;;private;https://psiquantum.com/;USA;hardware
Q*Bird;;private;https://q-bird.nl/;Netherlands;communications
Q.ANT;;private;https://qant.de/en/;Germany;hardware
Q. BPO consulting;;private;https://www.qbpo.fr/;France;consulting
Q&I;;private;http://qandi.co.uk/;UK;consulting
Q-CTRL;;private;https://q-ctrl.com/;Australia;software
Q-Lion;;private;https://www.q-lion.com/;Spain;software
Q4B Technologies;;private;https://q4b.org/;UK;consulting
Qabacus;;private;https://memcus.com/;USA;communications
qAIntum.ai;;private;https://www.qaintum.ai/;USA;software
Qaisec;;private;http://www.qaisec.eu/;Bulgaria;communications
Qapitan Quantum;;private;https://qapitan.com/;Spain;software
Qasky;;private;http://www.qasky.com/en/default.asp;China;communications
QBee;;private;https://qbee.eu/;Belgium;software
QbitLogic;;private;http://www.qbitlogic.com/;USA;software
QbitSoft;;private;https://www.qbit-soft.com/;France;software
Qblox;;private;https://qblox.com/;Netherlands;hardware
qBraid;;private;https://www.qbraid.com/;USA;software
Qbrain;;private;https://q-brain.io/;Italy;software
QC Design;;private;https://www.qc.design/;Germany;other
QC Ware;;private;http://qcware.com/;USA;software
QC82;;private;https://www.qc82.tech/;USA;hardware
QCentroid;;private;https://qcentroid.xyz/;Spain;infrastructure
QDaria;;private;https://qdaria.com/;Norway;multiple
QDM.IO;;private;https://qdm.io/;USA;Sensors
QEDma Quantum Computing;;private;https://www.kycisrael.com/companies/516202918/qedma-quantum-computing-ltd/;Israel;software
QEYnet;;private;https://qeynet.com/;Canada;communications
Qike Quantum;;private;http://www.qudoor.cn/;China;multiple
Qilimanjaro Quantum Tech;;private;http://qilimanjaro.tech/;Spain;hardware
Qindom;;private;http://qindom.com/;Canada;software
Qkrishi;;private;https://qkrishi.com/;India, USA;consulting
Qlok;;private;https://www.qlok.net/;USA;communications
Qmill;;private;https://qmill.com/en;Finland;software
QMware;;private;https://qm-ware.com/;Switzerland;software
Qnami;;private;https://qnami.ch/;Switzerland;hardware
QNu Labs;;private;https://www.qnulabs.com/;India;communications
Qolab;;private;https://www.qolab.ai/;USA;hardware
Qoro Quantum;;private;https://qoroquantum.de/;UK;software
QPerfect;;private;https://qperfect.io/;France;software
QphoX;;private;https://qphox.eu/;Netherlands;communications
QpiAI;;private;https://qpiai.tech/;India;multiple
QPlayLearn;;private;https://qplaylearn.com/;Finland;Education
Qpurpose;;private;https://qpurpose.dk/;Denmark;software
Qrate Quantum communications;;private;https://goqrate.com/en;Russia;communications
Qrithm;;private;http://qrithm.com/;USA;software
Qruise;;private;https://qruise.com/;Germany;software
Qrypt;;private;https://www.qrypt.com/;USA;communications
Qryptonic;;private;https://www.qryptonic.com/;USA;Communication
QSIMPLUS;;private;https://www.qsimplus.com/en;South Korea;Communication
QSimulate;;private;https://qsimulate.com/;USA;software
Qu & Co;;private;http://quandco.com/;Netherlands;software
Quacoon;;private;http://quacoon.com/;USA;consulting
QuamCore;;private;https://www.quamcore.com/;Israel;hardware
Quandela;;private;http://quandela.com/;France;hardware
Quanfluence;;private;https://quanfluence.com/;India;hardware
Quanmatic;;private;https://quanmatic.com/;Japan;software
Quanscient;;private;https://quanscient.com/;Finland;software
Quanta-ly;;private;https://quanta.ly/;Libya;multiple
Quantagonia;;private;https://www.quantagonia.com/;Germany;software
Quantala;;private;https://sites.google.com/quantala.tech/website/home;USA;consulting
QuantaMap;;private;https://www.quantamap.nl/;Netherlands;hardware
Quantastica;;private;https://quantastica.com/;Estonia;software
QuantCAD;;private;https://quantcad.com/;USA;software
Quanterro Labs;;private;https://www.quanterro.com/;United Arab Emirates;software
QuantFi;;private;https://www.quantfi.com/;France;software
QuantGates;;private;https://quantgates.co.uk/;UK;software
Quantica Computacao;;private;http://www.quanticacomputacao.com/;India;software
QuantiCor Security;;private;https://quanticor-security.de/en/home/;Germany;communications
QUANTier;;private;https://particlex.com/portfolio/quantier/;Hong Kong, China;hardware
Quantika;;private;http://quantika.co/;Japan;consulting
Quantinuum;;private;https://www.quantinuum.com/;USA, UK;multiple
Quantistry;;private;https://quantistry.com/en;Germany;software
Quantized Technologies Inc.;QTI;private;https://www.quantizedtech.com/;Canada;communications
QuantLR;;private;https://quantlr.com/;Israel;communications
Quantopticon;;private;https://quantopticon.co.uk;UK;software
QuantrolOx;;private;https://quantrolox.com/;UK;software
Quantropi;;private;https://quantropi.com/;Canada;communications
Quantuloop;;private;https://quantuloop.com/;USA, Brazil;software
Quantum AI Global;;private;https://thequantum.ai/;USA, India;software
Quantum Art;;private;https://www.quantum-art.tech/;Israel;hardware
QuantumAstra;;private;https://quantumastra.com/;USA;Sensors
Quantum Base;;private;https://quantumbase.com/;UK;communications
Quantum Benchmark Inc.;;private;http://quantumbenchmark.com/;Canada;software
Quantum Blockchains;;private;https://quantumblockchains.io/;Poland;multiple
Quantum Bridge Technologies;;private;https://qubridge.io/;Canada;communications
Quantum Brilliance;;private;https://quantumbrilliance.com/;Australia;hardware
QuantumCai;;private;https://quantumcai.com/;USA;communications
Quantum Circuits Inc.;;private;http://quantumcircuits.com/;USA;hardware
Quantum Computing & AI Research;QCAR;private;http://www.quantum-research.com.tw/;Taiwan;consulting
Quantum Corridor;;private;https://www.quantumcorridor.com/;USA;communications
QuantumDiamonds;;private;https://www.quantumdiamonds.de/;Germany;Sensors
Quantum Diamond Technology Inc.;;private;https://qdti.com/;USA;Sensors
Quantum Dice;;private;https://quantum-dice.com/;UK;communications
Quantum Elements;;private;https://quantumelements.ai/;USA;software
Quantum Factory;;private;https://quantum-factory.de/;Germany;hardware
QuantumFD;;private;https://www.linkedin.com/company/quantumfd/;Germany;software
Quantum Flytrap;;private;http://quantumflytrap.com/;Poland;software
Quantum Foundry;;private;https://quantumfoundry.ai/;USA;communications
Quantum Futures;;private;https://www.quantum-futures.com/;UK;consulting
Quantum Generative Materials;;private;https://wyobiz.wyo.gov/Business/FilingDetails.aspx?eFNum=142069075012096097155151089197032167017022153097;USA;software
Quantum Impenetrable;;private;http://quantumimpenetrable.com/;UK;communications
Quantum Industries;;private;https://www.quantum-industries.eu/;Austria;Communication
Quantum Intelligence;;private;https://www.qic.ai/;South Korea;software
Quantum Machines;;private;https://www.quantum-machines.co/;Israel;multiple
Quantum Mads;;private;https://www.quantum-mads.com/;Spain;software
Quantum Microwave;;private;https://quantummicrowave.com/;USA;hardware
Quantum Motion Technologies;;private;http://quantummotion.tech/;UK;hardware
Quantum Network Technologies;QuNetT;private;https://www.qunett.com/home;USA;communications
Quantum Phi;;private;https://quantumphi.com/index.php;Czech Republic;consulting
Quantum Quants;;private;https://quantumquants.wixsite.com/research;Netherlands;consulting
Quantum Realm Computing;;private;https://quantumrealmcomputing.com/;USA;consulting
Quantum Research Sciences;;private;https://quantumresearchsciences.com/;USA;software
Quantum Rings;;private;https://www.quantumrings.com/;USA;software
Quantum Signals;;private;https://www.quantumsignals.ai/;USA, France;software
Quantum Source Labs;;private;http://www.qs-labs.com/;Israel;hardware
Quantum-South;;private;http://www.quantum-south.com/;Uruguay;software
Quantum Space Systems;QSSys;private;https://www.qssys.de/;Germany;Communication
Quantum Technology Foundation;;private;https://www.qtft.org/;Thailand;consulting
Quantum Technology Laboratories;;private;https://www.qtlabs.at/;Austria;communications
Quantum Thought;;private;http://www.quantumthought.io/;USA;communications
Quantum Transistors;;private;https://quantumtransistors.com/;Israel;hardware
Quantum Trilogy;;private;https://quantumtrilogy.com/company/;USA;communications
Quantum Xchange;;private;https://quantumxc.com/;USA;communications
QuantumCTek;;private;http://www.quantum-info.com/English/;China;communications
QuantumDiamonds;;private;https://www.quantumdiamonds.de/;Germany;Sensors
Quantumize;;private;https://www.quantumize.com/;USA;communications
QuantumNet;;private;https://www.quantum-net.it/en/;Italy;software
QuantumNova;;private;https://www.q-nova.com/;Hong Kong;consulting
QuantumPrime;;private;https://quantumprime.de/;Germany;communications
Quantumz.io;;private;http://quantumz.io/;Poland;software
QuantWare;;private;https://www.quantware.eu/;Netherlands;hardware
QuantX Labs;;private;https://quantxlabs.com/;Australia;Sensors
QuantyCat;;private;https://www.quantycat.com/index.html;USA;software
QuantyMize;;private;https://www.linkedin.com/company/quantymize-quantum-advance/;Israel;software
Quanvia;;private;https://www.quanvia.com/;Spain;multiple
Quarks Interactive;;private;https://www.quarksinteractive.com/;Romania;software
QuaTI;;private;https://www.quati.tech/;Brazil;consulting
Quaxys;;private;https://quaxys.com/;USA;Education
QuBalt GmbH;;private;https://www.qubalt.de/;Germany;communications
Qubitekk;;private;http://qubitekk.com/;USA;communications
Qubit Engineering;;private;http://qubitengineering.com/;USA;software
Qubit Pharmaceuticals;;private;https://qubit-pharmaceuticals.com/;France;software
Qubit Reset LLC;;private;https://www.qubitreset.com/;USA;communications
Qubit Value;;private;https://www.qubitvalue.com/;Finland;consulting
Qubitor;;private;http://www.qubitor.com/;Singapore;other
Qubitrium;;private;https://qubitrium.com.tr/;Turkey;components
Qubitron-AI;;private;https://www.linkedin.com/company/qubitron-ai/;Tunisia;software
Qubrid;;private;https://www.qubrid.com/;USA;infrastructure
QuDef;;private;https://qudef.com/;Netherlands;consulting
QUDORA Technologies;;private;https://qudora.com/;Germany;hardware
QuDot;;private;http://www.qudotinc.com/;USA;software
QuEL;;private;https://quel-inc.com/; Japan;hardware
Quemix Inc.;;private;https://www.quemix.com/en;Japan;software
QuEra Computing;;private;https://www.quera-computing.com/;USA;hardware
Quintessence Labs;;private;http://www.quintessencelabs.com/;Australia;communications
QuiX;;private;http://www.quix.nl/;Netherlands;hardware
QuJiT;;private;https://www.qujit.com/;UK;multiple
Qulabz;;private;http://qulabs.ai/index.html;India;multiple
Quminex;;private;https://quminex.com/;Canada;software
QunaSys;;private;https://qunasys.com/en;Japan;software
Qunnect;;private;http://www.qunnect.inc/;USA;communications
Qunova Computing;;private;https://qunovacomputing.com/;South Korea;software
QuNu Labs;;private;http://qunulabs.in/;India;communications
Quobly;;private;https://www.quobly.io/;France;hardware
Quoherent;;private;https://www.quoherent.com/;USA;hardware
QURECA;;private;https://qureca.com/;UK;consulting
QuRISK;;private;https://qurisk.fr/;France;consulting
QuSecure;;private;https://www.qusecure.com/;USA;communications
Quside;;private;https://www.quside.com/;Spain;communications
Rahko;;private;https://www.rahko.ai/;UK;software
RANDAEMON;;private;https://randaemon.com/;Poland;communications
Raqs consulting;;private;https://www.raqsconsulting.com/;Singapore;consulting
ReactiveQ;;private;https://www.reactiveq.io/;Canada;software
Resilient Entanglement;;private;https://www.resiliententanglement.us/;USA;software
Resquant;;private;https://www.resquant.com/;Poland;communications
Riverlane;;private;https://riverlane.io/;UK;software
RobQuant;;private;https://robquant.com/;UK;Sensors
Rotonium;;private;http://rotonium.com/;Italy;hardware
Rydberg Technologies;;private;https://www.rydbergtechnologies.com/;USA;Sensors
SandboxAQ;;private;https://www.sandboxaq.com/;USA;software
SavantX;;private;https://savantx.com/;USA;software
SaxonQ;;private;https://saxonq.com/;Germany;hardware
SBQuantum;;private;https://sbquantum.com/;Canada;Sensors
SCALINQ;;private;http://scalinq.com/;Sweden;hardware
SDT;;private;https://www.sdt.inc/en;South Korea;multiple
SECQAI;;private;https://www.secqai.com/;UK;communications
Secure Quantum;;private;https://www.sequre-quantum.com/;Chile;communications
Secured Quantum Services;;private;https://sqs.world/;USA;communications
SeeDevice;;private;https://seedevice.com/;USA;Sensors
Seeqc;;private;http://seeqc.com/;USA;hardware
Semicyber;;private;https://semicyber.com/;USA;software
SemiQon;;private;https://www.vttresearch.com/en/about-us/invest-innovation/vtt-launchpad/semiqon;Finland;hardware
SheQuantum;;private;https://shequantum.org/;India;Education
SHYN;;private;http://www.shyn.org/;Bulgaria;software
Sigma-i;;private;https://sigmailab.com/;Japan;consulting
Silicofeller;;private;https://www.silicofeller.com;India;hardware
Single Quantum;;private;https://singlequantum.com/;Netherlands;hardware
Silicon Quantum Computing;;private;http://sqc.com.au/;Australia;hardware
Siquance;;private;https://www.siquance.com/;France;hardware
Snowdrop;;private;https://www.snowdropquantum.com/;Canada;software
softwareQ;;private;http://www.softwareq.ca/;Canada;software
Solid State AI;;private;https://www.solidstate.ai/;Canada;software
Sparrow Quantum;;private;http://sparrowquantum.com/;Denmark;hardware
SpeQtral;;private;https://speqtral.space/;Singapore;communications
SpinQ;;private;http://www.spinq.cn/;China;multiple
Spin Quantum Tech;;private;https://www.spinqtech.com/;Columbia;software
SpinUp AI;;private;https://find-and-update.company-information.service.gov.uk/company/12184854;UK;software
Sqale ApS;;private;https://www.linkedin.com/company/sqale-aps/;Denmark;software
Stafford Computing;;private;https://www.staffordcomputing.com/;USA;software
Strangeworks;;private;http://strangeworks.com/;USA;software
Super.tech;;private;http://www.super.tech/;USA;software
Synergy Quantum;;private;https://www.synergyquantum.swiss/;Switzerland;communications
SynthBits;;private;https://www.linkedin.com/posts/berk-kovos-5740a529_i-am-very-proud-to-announce-that-i-am-officially-activity-7218640926380879872-suro/;USA;Sensors
Terra Quantum AG;;private;https://terraquantum.swiss/;Switzerland;multiple
ThinkQuantum;;private;https://www.thinkquantum.com/;Italy;communications
Tokyo Quantum Computing;;private;https://www.to-qc.com/;Japan;software
TreQ;;private;https://treq.tech/;UK, USA;hardware
TundraSystems Global LTD;;private;http://briancinderella.com/;UK;hardware
Turing;;private;https://turingquantum.com/;USA;communications
TuringQ;;private;https://www.turingq.com/;China;hardware
Unitary Zero Space;;private;https://unitaryzerospace.com/;Finland;consulting
Universal Quantum;;private;https://universalquantum.com/;UK;hardware
VeriQloud;;private;https://veriqloud.com/;France;communications
Wave Photonics;;private;https://www.wavephotonics.com/;UK;hardware
WelinQ;;private;https://welinq.fr/;France;communications
Xairos;;private;https://www.xairos.com/;USA;Sensors
Xanadu;;private;http://www.xanadu.ai/;Canada;multiple
XeedQ;;private;https://xeedq.com/;Germany;hardware
Xofia;;private;http://xofia.io/;USA;software
yiyaniQ;;private;https://www.yiyaniq.com/;Canada;software
Zapata Computing;;private;https://zapata.ai/;USA;software
ZebraKet;;private;https://sites.google.com/alignedit.com/zebraket/home;Canada;software
Zurich Instruments;;private;https://www.zhinst.com;Switzerland;hardware
ZuriQ;;private;http://www.zuriq.com/;Switzerland;hardware
01 Communique;;public;https://www.01com.com/;Canada;service
Accenture;;public;https://www.accenture.com/us-en/insight-quantum-computing;Ireland;service
1QBit;;public;http://1qbit.com/;USA;hardware
Airbus Group (Newport);;public;https://www.telegraph.co.uk/finance/newsbysector/industry/12065245/Airbuss-quantum-computing-brings-Silicon-Valley-to-the-Welsh-Valleys.html;UK;aerospace
Alibaba Group;;public;http://www.alibabagroup.com/en/news/article?news=p150730;China;service
Amazon Braket;;public;https://aws.amazon.com/braket/;USA;service
Archer Materials Limited;;public;https://archerx.com.au/;Australia;service
Arqit;;public;https://arqit.uk/;UK;service
AT&T (INQNET Alliance);;public;http://about.att.com/story/beyond_quantum_computing.html;USA;network
Atos Quantum;;public;https://atos.net/en/insights-and-innovation/atos-quantum;France;software
Baidu;;public;https://technode.com/2018/03/08/baidu-quantum-computing/;China;software
Booz Allen Hamilton;;public;https://www.boozallen.com/expertise/analytics.html;USA;service
BTQ;;public;https://www.btq.com/;Canada;service
Cisco Systems;;public;https://research.cisco.com/research-projects/quantum;USA;network
D-Wave Systems;;public;https://www.dwavesys.com/;USA;multiple
Google Quantum AI Lab;;public;https://plus.google.com/+QuantumAILab/posts;USA;multiple
IBM;;public;http://researcher.watson.ibm.com/researcher/view_group.php?id=5881;USA;multiple
IonQ;;public;https://ionq.com/;USA;service
Infineon;;public;https://www.infineon.com/;Germany;hardware
Intel;;public;http://www.intel.com;USA;hardware
JSR Corporation;;public;http://www.jsr.co.jp/jsr_e/;Japan;service
Lockheed Martin;;public;http://www.lockheedmartin.com/us/what-we-do/emerging/quantum.html;USA;aerospace
Microsoft;;public;https://azure.microsoft.com/en-us/solutions/quantum-computing/;USA;multiple
Mitsubishi Electric;;public;http://www.mitsubishielectric.com/news/2010/1014-b.html;Japan;multiple
Mphasis;;public;https://www.mphasis.com/home/innovation/nextlabs/quantum-computing.html;India;service
NEC;;public;https://www.nec.com/en/global/quantum-computing/index.html;Japan;hardware
Nokia Bell Labs;;public;https://www.bell-labs.com/;USA;multiple
Northrup Grumman;;public;http://now.northropgrumman.com/quantum-computers-can-revolutionize-chemistry/;USA;multiple
NTT Research;;public;https://ntt-research.com/;USA;software
NXP;;public;https://www.nxp.com/;Netherlands;hardware
Basic Research Laboratories;;public;http://www.brl.ntt.co.jp/e/group_013/group_013.html;Japan;hardware
Quantum Computing Inc;;public;https://quantumcomputinginc.com/;USA;multiple
Quantum eMotion;;public;http://quantumemotion.com;Canada;service
Quemix, a wholly owned subsidiary of TerraSky Corporation;;public;https://www.quemix.com/;Japan;service
Raytheon;;public;https://www.raytheon.com/capabilities/products/quantum;USA;service
Reply;;public;https://www.reply.com/en/topics/quantum-computing/;Italy;service
Rigetti Computing;;public;https://www.rigetti.com/;USA;multiple
Spectral Capital Corporation;;public;https://www.spectralcapital.com/;USA;service
Toshiba - Cambridge Research Laboratory;;public;http://www.toshiba.eu/eu/Cambridge-Research-Laboratory/Quantum-Information-Group/;Japan;multiple
Fujitsu;;public;https://global.fujitsu/;Japan;hardware
